{
  "seed": 20260610,
  "rngState": 4030865170,
  "productGrade": "PET_FILM_GRADE_A",
  "campaignId": "CMP-SIM-BOPET-NEW-GRADE-A",
  "tick": 0,
  "clock": "2026-06-10T00:00:00.000Z",
  "lineState": "STABLE",
  "experimentId": "EXP-000",
  "recipeId": "RCP-BASELINE",
  "setpoints": {
    "extruder_speed": 100,
    "melt_temp": 278,
    "casting_roll_temp": 34,
    "md_draw_ratio": 3.18,
    "md_zone_temp": 92,
    "td_draw_ratio": 3.62,
    "td_zone_1_temp": 108,
    "td_zone_2_temp": 112,
    "heatset_temp": 218,
    "relaxation_ratio": 4.2,
    "line_speed": 42,
    "winder_tension": 118
  },
  "lastKnownGoodRecipe": {
    "id": "RCP-BASELINE",
    "setpoints": {
      "extruder_speed": 100,
      "melt_temp": 278,
      "casting_roll_temp": 34,
      "md_draw_ratio": 3.18,
      "md_zone_temp": 92,
      "td_draw_ratio": 3.62,
      "td_zone_1_temp": 108,
      "td_zone_2_temp": 112,
      "heatset_temp": 218,
      "relaxation_ratio": 4.2,
      "line_speed": 42,
      "winder_tension": 118
    }
  },
  "pendingTransitionTicks": 0,
  "timeSinceLastChangeSec": 900,
  "alarmActive": false,
  "wasteMeter": 0,
  "drift": 0,
  "ledger": [],
  "lastQuality": {
    "metrics": {
      "thickness_mean": 12.0842,
      "thickness_cv": 1.5377,
      "thickness_edge_center_delta": 0.1124,
      "birefringence_mean": 0.093905,
      "birefringence_cv": 3.7278,
      "birefringence_edge_center_delta": -0.002765
    },
    "profiles": {
      "position_norm": [
        0,
        0.0625,
        0.125,
        0.1875,
        0.25,
        0.3125,
        0.375,
        0.4375,
        0.5,
        0.5625,
        0.625,
        0.6875,
        0.75,
        0.8125,
        0.875,
        0.9375,
        1
      ],
      "thickness": [
        12.1276,
        12.1572,
        12.1519,
        12.1207,
        12.0893,
        12.0532,
        12.0327,
        12.0397,
        12.0561,
        12.0569,
        12.0654,
        12.0715,
        12.0735,
        12.0811,
        12.116,
        12.1517,
        12.1697
      ],
      "birefringence": [
        0.09311,
        0.09291,
        0.092919,
        0.092914,
        0.093272,
        0.093767,
        0.094328,
        0.09502,
        0.095738,
        0.095353,
        0.094226,
        0.093588,
        0.093001,
        0.093104,
        0.092968,
        0.093245,
        0.092931
      ]
    },
    "alarmRisk": false
  }
}
